,id,seccion,agrupacion_ganadora,CONSENSO FEDERAL_perc,FRENTE DE IZQUIERDA Y DE TRABAJADORES - UNIDAD_perc,FRENTE DE TODOS_perc,FRENTE NOS_perc,FRENTE PATRIOTA_perc,JUNTOS POR EL CAMBIO_perc,MOVIMIENTO AL SOCIALISMO_perc,MOVIMIENTO DE ACCION VECINAL_perc,PARTIDO AUTONOMISTA_perc,UNITE POR LA LIBERTAD Y LA DIGNIDAD_perc,CONSENSO FEDERAL_votos,FRENTE DE IZQUIERDA Y DE TRABAJADORES - UNIDAD_votos,FRENTE DE TODOS_votos,FRENTE NOS_votos,FRENTE PATRIOTA_votos,JUNTOS POR EL CAMBIO_votos,MOVIMIENTO AL SOCIALISMO_votos,MOVIMIENTO DE ACCION VECINAL_votos,PARTIDO AUTONOMISTA_votos,UNITE POR LA LIBERTAD Y LA DIGNIDAD_votos,Participacion,electores,votantes,BLANCO_perc,IMPUGNADO_perc,NULO_perc,BLANCO_votos,IMPUGNADO_votos,NULO_votos,distrito
0,BUENOS AIRES_25 DE MAYO,"25 De Mayo, Buenos Aires",JUNTOS POR EL CAMBIO,5.45,1.9,42.57,1.28,0.17,46.26,0.61,0.1,0.1,1.55,1194,416,9326,281,37,10134,133,22,22,340,73.86,31216,23056,4.09,0.24,0.66,943,56,152,BUENOS AIRES
1,BUENOS AIRES_ADOLFO ALSINA,"Adolfo Alsina, Buenos Aires",JUNTOS POR EL CAMBIO,7.61,1.66,37.1,0.48,0.16,50.42,0.58,0.14,0.11,1.75,785,171,3827,50,16,5201,60,14,11,181,75.84,14410,10928,4.82,0.19,0.59,527,21,64,BUENOS AIRES
2,BUENOS AIRES_ALBERTI,"Alberti, Buenos Aires",JUNTOS POR EL CAMBIO,6.2,1.58,44.58,0.41,0.23,45.45,0.26,0.07,0.03,1.18,435,111,3128,29,16,3189,18,5,2,83,80.08,9338,7478,5.63,0.29,0.25,421,22,19,BUENOS AIRES
4,BUENOS AIRES_ARRECIFES,"Arrecifes, Buenos Aires",FRENTE DE TODOS,9.69,1.8,44.59,1.6,0.18,40.06,0.59,0.07,0.06,1.36,1749,325,8046,289,32,7229,106,12,10,246,76.07,24821,18882,3.93,0.11,0.4,742,20,76,BUENOS AIRES
6,BUENOS AIRES_AYACUCHO,"Ayacucho, Buenos Aires",FRENTE DE TODOS,7.62,1.92,45.83,1.41,0.19,40.33,0.76,0.12,0.13,1.69,951,240,5722,176,24,5036,95,15,16,211,75.39,17623,13286,5.37,0.14,0.51,713,19,68,BUENOS AIRES
7,BUENOS AIRES_AZUL,"Azul, Buenos Aires",JUNTOS POR EL CAMBIO,6.95,2.98,42.4,1.83,0.24,42.92,0.64,0.14,0.1,1.8,2734,1174,16679,718,93,16886,252,56,41,708,74.39,56261,41853,4.69,0.12,1.19,1964,49,499,BUENOS AIRES
8,BUENOS AIRES_BAHIA BLANCA,"Bahia Blanca, Buenos Aires",JUNTOS POR EL CAMBIO,6.88,4.9,36.0,3.57,0.4,43.42,1.05,0.15,0.11,3.53,11962,8520,62605,6216,693,75514,1824,258,196,6131,74.46,246058,183214,3.73,0.22,1.12,6835,403,2057,BUENOS AIRES
9,BUENOS AIRES_BALCARCE,"Balcarce, Buenos Aires",JUNTOS POR EL CAMBIO,11.44,2.02,36.11,2.75,0.17,44.67,0.71,0.14,0.11,1.89,3117,550,9838,749,47,12172,193,37,29,514,73.6,39432,29020,5.21,0.12,0.79,1512,34,228,BUENOS AIRES
10,BUENOS AIRES_BARADERO,"Baradero, Buenos Aires",FRENTE DE TODOS,5.29,2.83,58.65,2.19,0.13,28.58,0.42,0.13,0.1,1.68,1097,586,12156,454,27,5924,88,26,20,348,76.65,28897,22149,5.5,0.1,0.82,1218,23,182,BUENOS AIRES
11,BUENOS AIRES_BENITO JUAREZ,"Benito Juarez, Buenos Aires",FRENTE DE TODOS,11.16,2.21,53.71,0.74,0.13,29.99,0.54,0.1,0.1,1.34,1396,276,6717,92,16,3751,68,12,12,167,75.55,17494,13216,4.42,0.18,0.76,584,24,101,BUENOS AIRES
14,BUENOS AIRES_BOLIVAR,"Bolivar, Buenos Aires",FRENTE DE TODOS,9.22,3.24,42.38,0.71,0.19,41.87,0.45,0.09,0.09,1.75,1966,691,9035,152,41,8928,95,20,20,373,73.59,30644,22551,4.46,0.3,0.69,1006,68,156,BUENOS AIRES
15,BUENOS AIRES_BRAGADO,"Bragado, Buenos Aires",FRENTE DE TODOS,8.53,1.65,46.88,0.93,0.21,39.93,0.45,0.06,0.1,1.26,2322,450,12760,252,58,10867,122,16,27,343,78.13,36188,28274,2.66,0.15,0.93,752,41,264,BUENOS AIRES
18,BUENOS AIRES_CAPITAN SARMIENTO,"Capitan Sarmiento, Buenos Aires",JUNTOS POR EL CAMBIO,16.45,1.33,37.22,2.03,0.15,40.38,0.47,0.07,0.11,1.79,1500,121,3394,185,14,3682,43,6,10,163,75.31,12695,9560,3.74,0.25,0.63,358,24,60,BUENOS AIRES
19,BUENOS AIRES_CARLOS CASARES,"Carlos Casares, Buenos Aires",JUNTOS POR EL CAMBIO,5.38,2.42,42.42,0.75,0.23,46.74,0.48,0.07,0.08,1.42,729,328,5744,102,31,6330,65,10,11,192,74.98,19082,14307,4.91,0.24,0.2,702,34,29,BUENOS AIRES
20,BUENOS AIRES_CARLOS TEJEDOR,"Carlos Tejedor, Buenos Aires",FRENTE DE TODOS,4.52,2.86,48.69,0.94,0.25,40.93,0.33,0.17,0.05,1.26,338,214,3644,70,19,3063,25,13,4,94,79.37,9926,7878,4.38,0.18,0.44,345,14,35,BUENOS AIRES
21,BUENOS AIRES_CARMEN DE ARECO,"Carmen De Areco, Buenos Aires",FRENTE DE TODOS,11.11,1.21,43.09,1.37,0.09,41.46,0.33,0.07,0.02,1.25,1042,113,4041,128,8,3888,31,7,2,117,76.83,12846,9869,4.6,0.08,0.3,454,8,30,BUENOS AIRES
22,BUENOS AIRES_CASTELLI,"Castelli, Buenos Aires",FRENTE DE TODOS,4.65,1.15,50.95,0.63,0.05,39.67,0.32,0.09,0.05,2.43,258,64,2830,35,3,2203,18,5,3,135,77.17,7618,5879,4.56,0.36,0.61,268,21,36,BUENOS AIRES
24,BUENOS AIRES_CHACABUCO,"Chacabuco, Buenos Aires",FRENTE DE TODOS,6.34,2.29,48.32,0.92,0.22,38.62,1.18,0.09,0.09,1.91,1971,712,15013,287,69,12000,368,29,27,594,77.62,41538,32241,2.7,0.13,0.8,871,42,258,BUENOS AIRES
25,BUENOS AIRES_CHASCOMUS,"Chascomus, Buenos Aires",JUNTOS POR EL CAMBIO,9.87,2.74,40.14,1.04,0.13,43.63,0.62,0.1,0.07,1.65,2308,642,9391,243,30,10207,146,24,17,386,75.2,33236,24992,6.11,0.16,0.12,1527,40,31,BUENOS AIRES
26,BUENOS AIRES_CHIVILCOY,"Chivilcoy, Buenos Aires",FRENTE DE TODOS,18.39,2.21,46.88,0.98,0.38,28.64,0.49,0.07,0.09,1.89,8066,968,20565,429,166,12562,215,32,38,827,78.37,58236,45640,3.29,0.15,0.44,1501,68,203,BUENOS AIRES
27,BUENOS AIRES_COLON,"Colon, Buenos Aires",FRENTE DE TODOS,4.78,2.12,58.29,1.54,0.31,30.73,0.46,0.06,0.07,1.65,766,340,9346,247,49,4927,73,9,12,265,77.96,21295,16601,2.89,0.11,0.42,480,18,69,BUENOS AIRES
28,BUENOS AIRES_CORONEL DORREGO,"Coronel Dorrego, Buenos Aires",JUNTOS POR EL CAMBIO,8.42,2.1,39.34,1.22,0.19,46.15,0.45,0.21,0.09,1.84,755,188,3529,109,17,4140,40,19,8,165,69.47,13594,9444,4.36,0.3,0.36,412,28,34,BUENOS AIRES
29,BUENOS AIRES_CORONEL PRINGLES,"Coronel Pringles, Buenos Aires",JUNTOS POR EL CAMBIO,9.73,3.79,39.89,3.2,0.24,40.85,0.49,0.0,0.17,1.64,1376,536,5642,452,34,5778,69,0,24,232,74.33,20120,14955,4.53,0.16,0.74,678,24,110,BUENOS AIRES
30,BUENOS AIRES_CORONEL DE MARINA LEONARDO ROSALES,"Coronel Rosales, Buenos Aires",JUNTOS POR EL CAMBIO,10.06,2.71,25.15,3.75,0.28,53.83,0.63,0.19,0.09,3.3,3496,940,8738,1304,97,18700,219,66,32,1146,75.38,48507,36565,4.0,0.17,0.82,1464,62,301,BUENOS AIRES
31,BUENOS AIRES_CORONEL SUAREZ,"Coronel Suarez, Buenos Aires",FRENTE DE TODOS,8.66,3.1,46.37,1.44,0.34,36.81,0.47,0.12,0.1,2.59,2173,779,11640,362,85,9242,118,31,24,650,77.74,34125,26529,4.07,0.3,1.01,1079,79,267,BUENOS AIRES
32,BUENOS AIRES_DAIREAUX,"Daireaux, Buenos Aires",FRENTE DE TODOS,6.04,1.45,49.07,0.72,0.11,40.63,0.46,0.1,0.08,1.34,625,150,5078,75,11,4204,48,10,8,139,75.21,14618,10994,5.24,0.21,0.43,576,23,47,BUENOS AIRES
33,BUENOS AIRES_DOLORES,"Dolores, Buenos Aires",JUNTOS POR EL CAMBIO,6.51,2.29,41.07,1.84,0.21,45.55,0.49,0.14,0.14,1.75,1082,381,6821,306,35,7566,82,24,23,290,72.65,24300,17654,4.88,0.19,0.84,862,33,149,BUENOS AIRES
40,BUENOS AIRES_FLORENTINO AMEGHINO,"Florentino Ameghino, Buenos Aires",JUNTOS POR EL CAMBIO,4.48,1.57,45.01,0.48,0.15,46.97,0.21,0.03,0.03,1.07,273,96,2745,29,9,2864,13,2,2,65,78.61,7981,6274,2.22,0.14,0.45,139,9,28,BUENOS AIRES
41,BUENOS AIRES_GENERAL ALVARADO,"General Alvarado, Buenos Aires",FRENTE DE TODOS,10.44,2.29,45.81,2.2,0.2,35.95,0.75,0.12,0.13,2.11,2672,586,11725,563,52,9202,191,30,33,541,74.73,35649,26641,2.94,0.2,0.79,784,52,210,BUENOS AIRES
42,BUENOS AIRES_GENERAL ALVEAR,"General Alvear, Buenos Aires",FRENTE DE TODOS,5.1,1.63,46.28,0.37,0.15,44.36,0.49,0.08,0.07,1.47,313,100,2840,23,9,2722,30,5,4,90,76.04,8563,6511,5.39,0.25,0.12,351,16,8,BUENOS AIRES
43,BUENOS AIRES_GENERAL ARENALES,"General Arenales, Buenos Aires",JUNTOS POR EL CAMBIO,8.08,1.18,42.33,0.51,0.12,46.11,0.37,0.06,0.06,1.19,884,129,4633,56,13,5047,40,7,7,130,76.41,14896,11382,3.29,0.16,0.39,374,18,44,BUENOS AIRES
44,BUENOS AIRES_GENERAL BELGRANO,"General Belgrano, Buenos Aires",JUNTOS POR EL CAMBIO,6.98,2.19,42.62,0.79,0.16,45.35,0.53,0.03,0.07,1.28,816,256,4986,92,19,5305,62,4,8,150,76.58,15941,12208,3.66,0.22,0.29,447,27,36,BUENOS AIRES
45,BUENOS AIRES_GENERAL GUIDO,"General Guido, Buenos Aires",JUNTOS POR EL CAMBIO,3.15,0.98,39.18,0.54,0.22,54.35,0.49,0.11,0.0,0.98,58,18,721,10,4,1000,9,2,0,18,82.03,2493,2045,9.19,0.54,0.29,188,11,6,BUENOS AIRES
46,BUENOS AIRES_GENERAL LA MADRID,"General La Madrid, Buenos Aires",JUNTOS POR EL CAMBIO,5.36,2.22,44.07,1.16,0.19,44.54,0.55,0.25,0.21,1.44,360,149,2960,78,13,2992,37,17,14,97,76.08,9542,7260,5.51,0.41,1.56,400,30,113,BUENOS AIRES
48,BUENOS AIRES_GENERAL LAVALLE,"General Lavalle, Buenos Aires",JUNTOS POR EL CAMBIO,4.65,1.95,42.28,1.91,0.15,47.11,0.41,0.07,0.04,1.42,124,52,1128,51,4,1257,11,2,1,38,66.71,4220,2815,4.44,0.11,0.67,125,3,19,BUENOS AIRES
49,BUENOS AIRES_GENERAL JUAN MADARIAGA,"General Madariaga, Buenos Aires",FRENTE DE TODOS,7.96,3.24,43.79,1.59,0.19,40.68,0.47,0.05,0.09,1.94,1008,411,5548,202,24,5154,59,6,11,246,74.12,17934,13293,4.3,0.1,0.29,572,13,39,BUENOS AIRES
50,BUENOS AIRES_GENERAL PAZ,"General Paz, Buenos Aires",FRENTE DE TODOS,5.5,1.63,49.61,1.68,0.21,39.05,0.58,0.17,0.04,1.53,449,133,4048,137,17,3186,47,14,3,125,79.1,10828,8565,4.13,0.22,0.39,354,19,33,BUENOS AIRES
51,BUENOS AIRES_GENERAL PINTO,"General Pinto, Buenos Aires",FRENTE DE TODOS,6.26,1.88,51.71,0.65,1.1,37.12,0.5,0.11,0.07,0.58,450,135,3715,47,79,2667,36,8,5,42,77.03,9870,7603,4.76,0.09,0.66,362,7,50,BUENOS AIRES
52,BUENOS AIRES_GENERAL PUEYRREDON,"General Pueyrredon, Buenos Aires",FRENTE DE TODOS,9.82,3.81,42.48,1.98,0.24,37.71,1.09,0.08,0.07,2.71,35462,13769,153383,7159,873,136162,3951,273,255,9791,69.28,552786,382965,4.36,0.14,1.22,16703,520,4664,BUENOS AIRES
55,BUENOS AIRES_GENERAL VIAMONTE,"General Viamonte, Buenos Aires",FRENTE DE TODOS,6.03,1.27,50.15,0.68,0.18,40.07,0.33,0.13,0.05,1.11,703,148,5846,79,21,4671,39,15,6,129,77.39,15698,12148,3.5,0.15,0.4,425,18,48,BUENOS AIRES
56,BUENOS AIRES_GENERAL VILLEGAS,"General Villegas, Buenos Aires",JUNTOS POR EL CAMBIO,5.54,1.39,33.85,1.14,0.24,55.74,0.36,0.14,0.06,1.53,912,229,5570,188,39,9172,59,23,10,252,73.0,25049,18286,9.2,0.25,0.57,1682,46,104,BUENOS AIRES
57,BUENOS AIRES_ADOLFO GONZALES CHAVES,"Gonzales Chaves, Buenos Aires",FRENTE DE TODOS,5.31,2.24,53.81,1.05,0.18,34.76,0.32,0.17,0.18,1.98,381,161,3860,75,13,2493,23,12,13,142,74.92,10550,7904,8.38,0.33,0.54,662,26,43,BUENOS AIRES
58,BUENOS AIRES_GUAMINI,"Guamini, Buenos Aires",FRENTE DE TODOS,5.32,1.31,46.99,0.68,0.19,42.92,0.71,0.15,0.1,1.63,362,89,3198,46,13,2921,48,10,7,111,75.38,9945,7497,8.54,0.28,0.41,640,21,31,BUENOS AIRES
59,BUENOS AIRES_HIPOLITO YRIGOYEN,"Hipolito Yrigoyen, Buenos Aires",FRENTE DE TODOS,4.93,0.99,47.33,1.09,0.21,43.87,0.32,0.04,0.25,0.97,279,56,2681,62,12,2485,18,2,14,55,74.31,8097,6017,4.82,0.2,0.85,290,12,51,BUENOS AIRES
63,BUENOS AIRES_JUNIN,"Junin, Buenos Aires",FRENTE DE TODOS,9.52,2.21,45.02,1.52,0.25,38.7,0.52,0.08,0.06,2.11,5188,1204,24546,831,137,21101,285,44,34,1149,71.75,78870,56590,2.84,0.1,0.71,1609,59,403,BUENOS AIRES
64,BUENOS AIRES_LA COSTA,"La Costa, Buenos Aires",FRENTE DE TODOS,7.8,3.5,47.84,2.33,0.2,35.19,0.73,0.14,0.1,2.17,3595,1611,22045,1075,91,16214,338,63,48,1000,70.7,68817,48656,4.53,0.22,0.54,2203,109,264,BUENOS AIRES
68,BUENOS AIRES_LAPRIDA,"Laprida, Buenos Aires",FRENTE DE TODOS,3.58,1.36,56.29,0.6,0.13,36.08,0.51,0.13,0.06,1.26,252,96,3962,42,9,2539,36,9,4,89,76.93,9551,7348,3.23,0.3,0.69,237,22,51,BUENOS AIRES
69,BUENOS AIRES_LAS FLORES,"Las Flores, Buenos Aires",FRENTE DE TODOS,7.9,2.24,48.36,1.06,0.13,38.28,0.54,0.11,0.04,1.34,1237,350,7569,166,20,5991,85,17,7,209,76.73,21575,16555,4.55,0.21,0.7,753,35,116,BUENOS AIRES
70,BUENOS AIRES_LEANDRO N. ALEM,"Leandro N. Alem, Buenos Aires",FRENTE DE TODOS,5.76,1.44,50.63,1.1,0.28,39.27,0.3,0.13,0.07,1.03,615,154,5407,117,30,4194,32,14,7,110,75.53,14741,11134,3.31,0.09,0.67,369,10,75,BUENOS AIRES
71,BUENOS AIRES_LEZAMA,"Lezama, Buenos Aires",FRENTE DE TODOS,11.51,2.28,42.8,0.67,0.13,41.01,0.37,0.05,0.05,1.12,430,85,1599,25,5,1532,14,2,2,42,81.92,4813,3943,4.62,0.0,0.63,182,0,25,BUENOS AIRES
72,BUENOS AIRES_LINCOLN,"Lincoln, Buenos Aires",JUNTOS POR EL CAMBIO,8.15,2.02,40.22,1.66,0.29,45.25,0.45,0.17,0.09,1.69,2214,549,10922,451,80,12288,123,45,24,459,76.93,36962,28434,3.85,0.09,0.56,1094,26,159,BUENOS AIRES
73,BUENOS AIRES_LOBERIA,"Loberia, Buenos Aires",FRENTE DE TODOS,5.31,3.21,45.11,1.59,0.11,42.83,0.45,0.06,0.03,1.29,530,320,4498,159,11,4271,45,6,3,129,77.06,14421,11113,9.34,0.21,0.72,1038,23,80,BUENOS AIRES
74,BUENOS AIRES_LOBOS,"Lobos, Buenos Aires",JUNTOS POR EL CAMBIO,7.3,3.32,41.22,1.55,0.2,43.72,0.51,0.09,0.13,1.96,1677,763,9473,357,45,10047,118,20,29,450,77.46,31576,24458,5.43,0.14,0.47,1328,35,116,BUENOS AIRES
77,BUENOS AIRES_MAGDALENA,"Magdalena, Buenos Aires",FRENTE DE TODOS,7.94,2.53,42.33,2.6,0.22,41.39,0.84,0.12,0.15,1.88,838,267,4470,275,23,4370,89,13,16,198,76.35,14531,11094,4.34,0.18,0.31,481,20,34,BUENOS AIRES
78,BUENOS AIRES_MAIPU,"Maipu, Buenos Aires",JUNTOS POR EL CAMBIO,4.17,1.94,44.69,1.48,0.22,45.19,0.46,0.15,0.11,1.6,310,144,3323,110,16,3360,34,11,8,119,77.68,10063,7817,4.09,0.27,0.52,320,21,41,BUENOS AIRES
80,BUENOS AIRES_MAR CHIQUITA,"Mar Chiquita, Buenos Aires",FRENTE DE TODOS,7.21,2.18,49.73,1.12,0.16,36.16,1.34,0.11,0.11,1.87,1225,371,8445,191,28,6141,228,18,19,317,71.58,25160,18009,4.86,0.22,0.62,875,40,111,BUENOS AIRES
82,BUENOS AIRES_MERCEDES,"Mercedes, Buenos Aires",FRENTE DE TODOS,8.18,3.1,42.61,1.31,0.19,42.28,0.54,0.0,0.09,1.7,3298,1252,17190,527,78,17054,217,0,37,687,76.8,54779,42070,3.3,0.2,0.61,1388,86,256,BUENOS AIRES
84,BUENOS AIRES_MONTE,"Monte, Buenos Aires",JUNTOS POR EL CAMBIO,5.07,2.71,40.92,2.32,0.32,46.16,0.74,0.14,0.17,1.47,674,361,5441,308,42,6138,98,18,23,195,76.48,18548,14185,5.68,0.21,0.37,805,30,52,BUENOS AIRES
85,BUENOS AIRES_MONTE HERMOSO,"Monte Hermoso, Buenos Aires",FRENTE DE TODOS,5.42,2.5,54.79,1.56,0.14,33.68,0.37,0.02,0.06,1.46,275,127,2779,79,7,1708,19,1,3,74,68.28,7788,5318,3.85,0.17,0.6,205,9,32,BUENOS AIRES
88,BUENOS AIRES_NAVARRO,"Navarro, Buenos Aires",JUNTOS POR EL CAMBIO,5.34,1.31,45.26,0.52,0.12,45.53,0.44,0.0,0.18,1.3,588,144,4985,57,13,5015,49,0,20,143,79.13,14691,11625,4.24,0.37,0.65,493,43,75,BUENOS AIRES
89,BUENOS AIRES_NECOCHEA,"Necochea, Buenos Aires",JUNTOS POR EL CAMBIO,8.63,3.02,38.23,1.45,0.24,45.88,0.66,0.14,0.07,1.68,4855,1697,21508,816,134,25810,369,81,39,945,71.84,82485,59261,4.22,0.13,0.72,2502,79,426,BUENOS AIRES
90,BUENOS AIRES_9 DE JULIO,"Nueve De Julio, Buenos Aires",JUNTOS POR EL CAMBIO,10.38,2.03,40.77,0.9,0.18,43.24,0.55,0.12,0.07,1.76,3125,610,12268,270,55,13011,167,36,22,529,75.67,41429,31351,3.19,0.14,0.68,999,45,214,BUENOS AIRES
91,BUENOS AIRES_OLAVARRIA,"Olavarria, Buenos Aires",FRENTE DE TODOS,13.74,3.26,41.5,1.7,0.2,36.55,0.77,0.1,0.09,2.08,8998,2137,27171,1112,134,23936,507,66,60,1359,71.94,94933,68296,3.14,0.11,0.87,2146,74,596,BUENOS AIRES
92,BUENOS AIRES_PATAGONES,"Patagones, Buenos Aires",FRENTE DE TODOS,5.45,2.09,49.74,4.72,0.18,35.23,0.51,0.09,0.14,1.87,981,376,8954,849,32,6342,91,16,25,337,72.43,26330,19072,4.49,0.41,0.7,857,79,133,BUENOS AIRES
93,BUENOS AIRES_PEHUAJO,"Pehuajo, Buenos Aires",FRENTE DE TODOS,5.13,2.06,50.23,0.79,0.32,39.61,0.39,0.16,0.07,1.24,1234,495,12075,191,76,9523,93,39,16,299,73.26,34678,25404,4.4,0.18,0.79,1118,45,200,BUENOS AIRES
94,BUENOS AIRES_PELLEGRINI,"Pellegrini, Buenos Aires",JUNTOS POR EL CAMBIO,6.2,1.48,41.22,0.79,0.21,47.79,0.76,0.18,0.15,1.21,205,49,1362,26,7,1579,25,6,5,40,69.97,5098,3567,7.06,0.14,0.17,252,5,6,BUENOS AIRES
95,BUENOS AIRES_PERGAMINO,"Pergamino, Buenos Aires",JUNTOS POR EL CAMBIO,9.61,2.18,38.86,1.98,0.19,43.19,0.52,0.09,0.08,3.3,6137,1395,24818,1266,120,27581,330,56,48,2107,74.11,89830,66573,2.88,0.2,1.0,1914,133,668,BUENOS AIRES
96,BUENOS AIRES_PILA,"Pila, Buenos Aires",FRENTE DE TODOS,5.39,1.45,51.93,0.84,0.12,38.33,0.52,0.04,0.08,1.29,134,36,1291,21,3,953,13,1,2,32,82.21,3237,2661,5.98,0.3,0.3,159,8,8,BUENOS AIRES
98,BUENOS AIRES_PINAMAR,"Pinamar, Buenos Aires",JUNTOS POR EL CAMBIO,9.5,2.4,40.79,1.42,0.18,41.5,0.64,0.07,0.1,3.41,1553,392,6667,232,29,6783,104,11,17,557,68.8,25222,17352,4.37,0.16,1.27,758,28,221,BUENOS AIRES
100,BUENOS AIRES_PUAN,"Puan, Buenos Aires",JUNTOS POR EL CAMBIO,5.87,4.08,30.57,0.69,0.27,55.19,0.56,0.21,0.1,2.47,590,410,3071,69,27,5545,56,21,10,248,74.16,14373,10659,4.43,0.34,0.98,472,36,104,BUENOS AIRES
101,BUENOS AIRES_PUNTA INDIO,"Punta Indio, Buenos Aires",FRENTE DE TODOS,6.87,2.24,45.79,2.13,0.3,40.15,0.62,0.09,0.13,1.68,475,155,3167,147,21,2777,43,6,9,116,77.81,9261,7206,3.26,0.07,0.69,235,5,50,BUENOS AIRES
103,BUENOS AIRES_RAMALLO,"Ramallo, Buenos Aires",FRENTE DE TODOS,7.74,2.61,50.29,1.12,0.21,35.73,0.47,0.15,0.08,1.61,1660,559,10791,241,45,7666,100,32,17,346,79.23,28300,22422,4.01,0.04,0.25,900,8,57,BUENOS AIRES
104,BUENOS AIRES_RAUCH,"Rauch, Buenos Aires",FRENTE DE TODOS,5.34,4.42,47.1,1.22,0.14,39.81,0.43,0.07,0.09,1.38,511,423,4508,117,13,3811,41,7,9,132,75.15,13668,10272,6.24,0.23,0.34,641,24,35,BUENOS AIRES
105,BUENOS AIRES_RIVADAVIA,"Rivadavia, Buenos Aires",FRENTE DE TODOS,5.79,1.37,44.76,0.84,0.24,44.32,0.45,0.16,0.05,2.03,597,141,4614,87,25,4569,46,16,5,209,78.42,14121,11074,6.47,0.14,0.3,716,16,33,BUENOS AIRES
106,BUENOS AIRES_ROJAS,"Rojas, Buenos Aires",JUNTOS POR EL CAMBIO,6.14,1.6,43.03,0.56,0.29,45.37,0.66,0.1,0.06,2.18,946,247,6626,87,44,6987,102,16,9,336,79.01,20497,16195,4.06,0.16,0.69,658,26,111,BUENOS AIRES
107,BUENOS AIRES_ROQUE PEREZ,"Roque Perez, Buenos Aires",JUNTOS POR EL CAMBIO,4.76,2.04,43.17,0.63,0.09,47.43,0.36,0.1,0.12,1.31,371,159,3363,49,7,3695,28,8,9,102,75.38,10874,8197,4.1,0.18,0.67,336,15,55,BUENOS AIRES
108,BUENOS AIRES_SAAVEDRA,"Saavedra, Buenos Aires",JUNTOS POR EL CAMBIO,6.44,2.27,34.86,2.47,0.16,50.44,0.56,0.11,0.09,2.6,784,276,4242,300,20,6138,68,13,11,317,71.07,18154,12902,4.15,0.26,1.28,535,33,165,BUENOS AIRES
109,BUENOS AIRES_SALADILLO,"Saladillo, Buenos Aires",JUNTOS POR EL CAMBIO,7.69,2.06,38.7,1.1,0.17,47.41,0.4,0.16,0.1,2.21,1479,397,7448,212,33,9123,77,31,19,425,72.58,27886,20239,3.89,0.21,0.82,787,43,165,BUENOS AIRES
110,BUENOS AIRES_SALLIQUELO,"Salliquelo, Buenos Aires",JUNTOS POR EL CAMBIO,6.85,1.21,41.04,0.7,0.08,47.95,0.23,0.13,0.08,1.74,362,64,2168,37,4,2533,12,7,4,92,76.51,7701,5892,9.66,0.27,0.41,569,16,24,BUENOS AIRES
111,BUENOS AIRES_SALTO,"Salto, Buenos Aires",FRENTE DE TODOS,5.48,3.33,47.53,2.08,0.22,39.07,0.52,0.12,0.06,1.58,1186,721,10279,449,47,8450,112,27,13,342,78.5,28705,22532,3.52,0.12,0.38,794,27,85,BUENOS AIRES
112,BUENOS AIRES_SAN ANDRES DE GILES,"San Andres De Giles, Buenos Aires",FRENTE DE TODOS,7.13,1.74,45.74,1.74,0.19,41.35,0.46,0.15,0.15,1.34,1029,251,6599,251,28,5965,66,22,22,193,79.19,19528,15464,6.38,0.15,0.19,986,23,29,BUENOS AIRES
113,BUENOS AIRES_SAN ANTONIO DE ARECO,"San Antonio De Areco, Buenos Aires",FRENTE DE TODOS,4.85,2.34,44.8,2.25,0.18,43.33,0.35,0.11,0.09,1.7,723,349,6685,336,27,6465,52,17,13,254,78.8,19847,15640,3.73,0.11,0.75,584,17,118,BUENOS AIRES
114,BUENOS AIRES_SAN CAYETANO,"San Cayetano, Buenos Aires",JUNTOS POR EL CAMBIO,6.79,1.39,34.29,1.18,0.19,54.12,0.5,0.04,0.08,1.43,352,72,1778,61,10,2806,26,2,4,74,75.83,7245,5494,5.06,0.04,0.53,278,2,29,BUENOS AIRES
118,BUENOS AIRES_SAN NICOLAS,"San Nicolas, Buenos Aires",FRENTE DE TODOS,9.62,2.56,47.54,3.31,0.22,33.52,0.61,0.1,0.11,2.42,8565,2275,42313,2942,193,29830,542,92,96,2150,75.99,122244,92896,3.55,0.04,0.61,3295,40,563,BUENOS AIRES
119,BUENOS AIRES_SAN PEDRO,"San Pedro, Buenos Aires",FRENTE DE TODOS,8.54,2.33,46.6,1.92,0.22,37.68,0.64,0.11,0.12,1.83,3090,844,16855,693,78,13627,233,41,44,663,76.94,49329,37955,3.8,0.11,0.8,1442,40,305,BUENOS AIRES
121,BUENOS AIRES_SUIPACHA,"Suipacha, Buenos Aires",FRENTE DE TODOS,5.24,1.46,52.73,0.89,0.03,38.02,0.36,0.0,0.09,1.18,363,101,3655,62,2,2635,25,0,6,82,78.1,9273,7242,3.53,0.54,0.22,256,39,16,BUENOS AIRES
122,BUENOS AIRES_TANDIL,"Tandil, Buenos Aires",JUNTOS POR EL CAMBIO,9.91,3.11,39.84,1.9,0.22,41.2,0.87,0.13,0.08,2.74,7698,2413,30949,1476,173,32005,672,101,66,2125,75.56,107240,81026,3.01,0.15,0.98,2438,118,792,BUENOS AIRES
123,BUENOS AIRES_TAPALQUE,"Tapalque, Buenos Aires",FRENTE DE TODOS,5.83,1.51,52.24,1.3,0.19,37.51,0.37,0.1,0.11,0.84,367,95,3288,82,12,2361,23,6,7,53,77.81,8525,6633,4.42,0.2,0.5,293,13,33,BUENOS AIRES
125,BUENOS AIRES_TORDILLO,"Tordillo, Buenos Aires",FRENTE DE TODOS,3.11,0.75,50.59,2.49,0.31,42.0,0.06,0.06,0.06,0.56,50,12,813,40,5,675,1,1,1,9,84.17,2085,1755,7.01,0.4,1.03,123,7,18,BUENOS AIRES
126,BUENOS AIRES_TORNQUIST,"Tornquist, Buenos Aires",JUNTOS POR EL CAMBIO,6.44,2.74,38.59,2.36,0.24,46.86,0.56,0.11,0.07,2.04,587,250,3518,215,22,4272,51,10,6,186,72.57,13235,9605,4.25,0.22,0.61,408,21,59,BUENOS AIRES
127,BUENOS AIRES_TRENQUE LAUQUEN,"Trenque Lauquen, Buenos Aires",JUNTOS POR EL CAMBIO,6.36,1.98,43.75,1.48,0.21,43.78,0.66,0.1,0.1,1.58,1730,538,11896,402,56,11903,180,28,28,429,72.83,39283,28611,4.16,0.19,0.62,1190,53,178,BUENOS AIRES
128,BUENOS AIRES_TRES ARROYOS,"Tres Arroyos, Buenos Aires",FRENTE DE TODOS,7.56,2.89,47.8,1.82,0.18,36.84,0.64,0.06,0.07,2.15,2678,1022,16928,643,65,13046,228,22,24,761,72.51,51787,37553,4.78,0.2,0.71,1795,75,266,BUENOS AIRES
130,BUENOS AIRES_TRES LOMAS,"Tres Lomas, Buenos Aires",FRENTE DE TODOS,4.68,1.72,52.98,2.31,0.17,36.04,0.31,0.08,0.08,1.62,223,82,2523,110,8,1716,15,4,4,77,77.31,6583,5089,5.68,0.35,0.39,289,18,20,BUENOS AIRES
132,BUENOS AIRES_VILLA GESELL,"Villa Gesell, Buenos Aires",FRENTE DE TODOS,6.53,3.07,49.33,2.86,0.13,35.68,0.53,0.01,0.08,1.78,1246,586,9407,545,25,6804,101,1,15,340,70.0,28486,19941,3.3,0.24,0.83,658,48,165,BUENOS AIRES
133,BUENOS AIRES_VILLARINO,"Villarino, Buenos Aires",JUNTOS POR EL CAMBIO,5.78,2.35,39.79,1.26,0.24,46.84,0.68,0.21,0.17,2.67,837,341,5765,182,35,6786,99,31,24,387,73.21,23625,17295,15.34,0.16,0.73,2653,28,127,BUENOS AIRES
206,CORDOBA_CALAMUCHITA,"Calamuchita, Cordoba",JUNTOS POR EL CAMBIO,8.06,2.77,35.8,2.7,0.18,46.64,0.98,0.33,0.17,2.39,2964,1018,13170,992,67,17159,360,122,61,878,71.83,54506,39152,3.93,0.07,2.04,1537,27,797,CORDOBA
207,CORDOBA_CAPITAL,"Capital, Cordoba",JUNTOS POR EL CAMBIO,8.01,3.67,27.19,3.73,0.24,52.52,0.98,0.45,0.16,3.05,60673,27830,205973,28248,1855,397916,7437,3381,1218,23085,72.05,1117481,805107,3.79,0.11,2.0,30509,893,16089,CORDOBA
208,CORDOBA_COLON,"Colon, Cordoba",JUNTOS POR EL CAMBIO,7.42,2.9,28.35,2.67,0.2,54.27,0.88,0.36,0.16,2.79,11755,4601,44929,4228,313,86006,1396,576,255,4421,72.6,231197,167852,3.56,0.07,1.96,5970,118,3284,CORDOBA
209,CORDOBA_CRUZ DEL EJE,"Cruz Del Eje, Cordoba",FRENTE DE TODOS,5.96,1.76,54.64,2.68,0.19,32.7,0.55,0.28,0.13,1.12,1859,548,17057,837,60,10208,171,88,40,349,64.97,50209,32623,2.72,0.13,1.46,886,44,476,CORDOBA
210,CORDOBA_GENERAL ROCA,"General Roca, Cordoba",JUNTOS POR EL CAMBIO,7.02,1.32,38.01,1.52,0.2,49.12,0.55,0.32,0.16,1.79,1327,250,7187,287,37,9289,104,60,30,339,68.82,28800,19820,3.4,0.02,1.18,674,3,233,CORDOBA
211,CORDOBA_GENERAL SAN MARTIN,"General San Martin, Cordoba",JUNTOS POR EL CAMBIO,8.24,2.25,38.65,3.4,0.17,43.28,0.79,0.29,0.14,2.79,6575,1800,30859,2716,136,34557,627,230,108,2228,71.92,116090,83488,2.78,0.13,1.47,2319,106,1227,CORDOBA
212,CORDOBA_ISCHILIN,"Ischilin, Cordoba",FRENTE DE TODOS,7.01,1.61,45.04,2.32,0.18,41.17,0.55,0.44,0.12,1.56,1314,302,8446,436,34,7720,103,82,23,293,69.66,28434,19807,3.9,0.1,1.32,773,19,262,CORDOBA
213,CORDOBA_JUAREZ CELMAN,"Juarez Celman, Cordoba",JUNTOS POR EL CAMBIO,8.19,2.05,35.67,2.64,0.14,47.49,0.86,0.35,0.15,2.46,3000,752,13075,969,50,17405,317,127,55,902,72.73,53540,38941,4.17,0.02,1.69,1624,6,659,CORDOBA
214,CORDOBA_MARCOS JUAREZ,"Marcos Juarez, Cordoba",JUNTOS POR EL CAMBIO,8.87,1.66,32.78,2.05,0.13,50.77,0.67,0.23,0.13,2.7,5498,1029,20317,1269,80,31463,414,145,83,1675,73.49,88792,65251,4.07,0.04,0.91,2655,26,597,CORDOBA
215,CORDOBA_MINAS,"Minas, Cordoba",FRENTE DE TODOS,5.44,0.8,65.03,1.2,0.0,26.16,0.5,0.37,0.03,0.47,163,24,1949,36,0,784,15,11,1,14,61.79,5077,3137,2.9,0.03,1.53,91,1,48,CORDOBA
216,CORDOBA_POCHO,"Pocho, Cordoba",FRENTE DE TODOS,5.03,1.39,50.24,3.52,0.04,37.89,0.51,0.28,0.12,0.99,127,35,1269,89,1,957,13,7,3,25,56.66,4815,2728,6.67,0.15,0.59,182,4,16,CORDOBA
217,CORDOBA_PUNILLA,"Punilla, Cordoba",JUNTOS POR EL CAMBIO,8.25,3.08,30.62,3.03,0.27,50.2,0.96,0.41,0.15,3.02,9494,3540,35241,3491,305,57770,1110,476,172,3476,70.14,173024,121360,3.16,0.03,1.99,3830,41,2414,CORDOBA
218,CORDOBA_RIO CUARTO,"Rio Cuarto, Cordoba",JUNTOS POR EL CAMBIO,11.12,2.11,33.88,2.4,0.18,46.57,0.7,0.29,0.15,2.61,16391,3108,49933,3541,264,68625,1028,425,217,3841,72.62,215674,156612,3.66,0.05,2.19,5730,79,3430,CORDOBA
219,CORDOBA_RIO PRIMERO,"Rio Primero, Cordoba",JUNTOS POR EL CAMBIO,6.74,1.61,31.39,1.89,0.2,55.44,0.59,0.31,0.13,1.71,1910,456,8897,535,56,15713,166,88,36,484,72.46,41538,30097,4.53,0.04,1.26,1363,13,380,CORDOBA
220,CORDOBA_RIO SECO,"Rio Seco, Cordoba",FRENTE DE TODOS,5.93,2.11,50.28,1.15,0.05,38.83,0.35,0.3,0.16,0.84,459,163,3889,89,4,3003,27,23,12,65,63.19,13096,8276,5.18,0.04,1.33,429,3,110,CORDOBA
221,CORDOBA_RIO SEGUNDO,"Rio Segundo, Cordoba",JUNTOS POR EL CAMBIO,7.73,1.89,30.98,2.54,0.18,52.71,0.76,0.33,0.18,2.69,4988,1222,19986,1636,116,34006,490,215,117,1735,74.68,91744,68510,4.22,0.05,1.56,2893,34,1072,CORDOBA
222,CORDOBA_PRESIDENTE ROQUE SAENZ PEÃ‘A,"Roque Saenz Pena, Cordoba",JUNTOS POR EL CAMBIO,7.92,2.02,35.0,1.37,0.19,49.99,0.76,0.32,0.16,2.27,1659,424,7332,286,39,10471,160,68,33,476,71.38,30965,22103,4.03,0.02,1.18,891,4,260,CORDOBA
223,CORDOBA_SAN ALBERTO,"San Alberto, Cordoba",FRENTE DE TODOS,8.05,3.2,45.58,3.05,0.28,36.89,0.75,0.41,0.13,1.67,1798,715,10180,682,62,8239,167,91,28,374,67.83,35307,23948,4.45,0.15,2.13,1066,36,510,CORDOBA
224,CORDOBA_SAN JAVIER,"San Javier, Cordoba",FRENTE DE TODOS,7.2,2.43,49.4,2.64,0.18,35.55,0.69,0.21,0.11,1.58,2331,786,15990,856,59,11506,224,69,35,512,69.5,49784,34599,4.87,0.02,1.56,1684,6,541,CORDOBA
225,CORDOBA_SAN JUSTO,"San Justo, Cordoba",JUNTOS POR EL CAMBIO,9.08,1.77,31.79,2.07,0.16,51.28,0.66,0.24,0.13,2.8,11451,2232,40078,2614,198,64643,836,308,159,3533,72.8,183438,133540,3.89,0.08,1.64,5191,109,2188,CORDOBA
226,CORDOBA_SANTA MARIA,"Santa Maria, Cordoba",JUNTOS POR EL CAMBIO,8.26,2.58,30.19,2.24,0.22,52.51,0.93,0.37,0.18,2.54,5550,1732,20296,1503,145,35301,624,246,119,1710,73.44,98363,72242,4.99,0.06,1.89,3608,43,1365,CORDOBA
227,CORDOBA_SOBREMONTE,"Sobremonte, Cordoba",FRENTE DE TODOS,3.89,0.57,57.75,0.73,0.12,36.06,0.36,0.2,0.04,0.28,96,14,1427,18,3,891,9,5,1,7,62.71,4248,2664,5.93,0.04,1.28,158,1,34,CORDOBA
228,CORDOBA_TERCERO ARRIBA,"Tercero Arriba, Cordoba",JUNTOS POR EL CAMBIO,9.56,2.32,30.77,2.79,0.22,50.26,0.89,0.38,0.16,2.63,6654,1616,21410,1942,156,34970,622,262,113,1830,73.79,99496,73417,3.68,0.02,1.53,2704,18,1120,CORDOBA
229,CORDOBA_TOTORAL,"Totoral, Cordoba",JUNTOS POR EL CAMBIO,6.3,1.28,34.62,1.43,0.23,53.35,0.54,0.35,0.17,1.73,740,150,4067,168,27,6266,64,41,20,203,71.57,17313,12391,3.48,0.11,1.61,431,14,200,CORDOBA
230,CORDOBA_TULUMBA,"Tulumba, Cordoba",FRENTE DE TODOS,4.67,1.21,49.3,1.58,0.08,41.47,0.52,0.26,0.07,0.84,340,88,3589,115,6,3019,38,19,5,61,62.32,12297,7663,3.72,0.05,1.23,285,4,94,CORDOBA
231,CORDOBA_UNION,"Union, Cordoba",JUNTOS POR EL CAMBIO,7.8,1.66,36.78,2.29,0.15,48.13,0.72,0.27,0.12,2.07,4931,1047,23258,1450,96,30431,456,173,79,1311,70.16,94677,66422,3.57,0.02,1.21,2368,16,806,CORDOBA
257,ENTRE RIOS_COLON,"Colon, Entre Rios",FRENTE DE TODOS,9.66,2.4,44.46,2.41,0.26,36.98,1.03,0.25,0.14,2.4,4050,1007,18634,1010,110,15496,431,106,59,1005,75.98,56907,43236,1.88,0.02,1.17,812,10,506,ENTRE RIOS
258,ENTRE RIOS_CONCORDIA,"Concordia, Entre Rios",FRENTE DE TODOS,6.38,1.83,54.4,2.63,0.21,31.68,0.64,0.18,0.1,1.94,6630,1902,56570,2739,221,32944,668,188,108,2022,75.08,142206,106762,1.39,0.07,1.13,1487,76,1207,ENTRE RIOS
259,ENTRE RIOS_DIAMANTE,"Diamante, Entre Rios",JUNTOS POR EL CAMBIO,9.41,1.63,38.68,2.08,0.3,43.7,0.78,0.32,0.16,2.94,2780,480,11422,614,90,12905,229,95,46,867,72.66,41925,30463,1.79,0.09,1.19,544,27,364,ENTRE RIOS
260,ENTRE RIOS_FEDERACION,"Federacion, Entre Rios",FRENTE DE TODOS,6.74,1.31,45.97,3.68,0.24,38.46,0.64,0.24,0.17,2.52,3019,588,20579,1649,109,17218,286,109,76,1130,76.06,61019,46410,2.26,0.1,1.19,1047,48,552,ENTRE RIOS
261,ENTRE RIOS_FEDERAL,"Federal, Entre Rios",FRENTE DE TODOS,3.83,0.74,61.52,1.88,0.18,30.11,0.37,0.19,0.09,1.09,669,129,10749,328,31,5260,65,34,15,191,76.58,23700,18150,2.9,0.08,0.76,526,15,138,ENTRE RIOS
262,ENTRE RIOS_FELICIANO,"Feliciano, Entre Rios",FRENTE DE TODOS,3.89,0.88,62.56,0.96,0.2,30.18,0.4,0.26,0.15,0.51,361,82,5800,89,19,2798,37,24,14,47,72.85,13134,9568,2.07,0.04,0.99,198,4,95,ENTRE RIOS
263,ENTRE RIOS_GUALEGUAY,"Gualeguay, Entre Rios",FRENTE DE TODOS,8.23,1.88,42.47,2.56,0.33,41.03,0.82,0.26,0.32,2.13,2624,599,13546,815,105,13087,261,82,101,678,70.65,46471,32831,1.77,0.05,1.03,581,15,337,ENTRE RIOS
264,ENTRE RIOS_GUALEGUAYCHU,"Gualeguaychu, Entre Rios",FRENTE DE TODOS,9.4,2.28,41.66,2.42,0.27,40.24,0.83,0.21,0.16,2.53,7071,1712,31351,1821,205,30281,628,159,120,1904,78.43,98667,77389,1.64,0.04,1.08,1269,29,839,ENTRE RIOS
265,ENTRE RIOS_ISLAS DEL IBICUY,"Islas Del Ibicuy, Entre Rios",FRENTE DE TODOS,5.18,0.94,59.06,2.45,0.18,30.04,0.59,0.23,0.21,1.11,410,74,4671,194,14,2376,47,18,17,88,69.51,11701,8133,1.82,0.0,0.93,148,0,76,ENTRE RIOS
266,ENTRE RIOS_LA PAZ,"La Paz, Entre Rios",FRENTE DE TODOS,5.71,0.93,58.68,2.41,0.26,29.65,0.5,0.21,0.15,1.5,2376,387,24405,1003,107,12330,208,88,63,623,72.03,59198,42642,1.48,0.03,0.95,631,14,407,ENTRE RIOS
267,ENTRE RIOS_NOGOYA,"Nogoya, Entre Rios",FRENTE DE TODOS,10.69,1.68,45.22,1.51,0.25,37.55,0.61,0.25,0.16,2.08,2556,401,10815,361,60,8982,146,60,38,498,72.73,33824,24601,1.98,0.05,0.75,488,12,184,ENTRE RIOS
268,ENTRE RIOS_PARANA,"Parana, Entre Rios",FRENTE DE TODOS,10.98,2.47,41.24,3.0,0.26,37.28,1.34,0.24,0.15,3.03,24882,5608,93465,6794,600,84498,3048,548,330,6864,76.07,309053,235086,2.13,0.08,1.38,5012,190,3247,ENTRE RIOS
269,ENTRE RIOS_SAN SALVADOR,"San Salvador, Entre Rios",FRENTE DE TODOS,6.34,1.15,47.0,2.86,0.19,40.13,0.46,0.23,0.09,1.57,778,141,5771,351,23,4927,56,28,11,193,77.78,16335,12705,2.55,0.02,0.78,324,3,99,ENTRE RIOS
270,ENTRE RIOS_TALA,"Tala, Entre Rios",FRENTE DE TODOS,8.73,1.96,47.19,3.08,0.24,36.03,0.75,0.23,0.07,1.72,1519,341,8208,535,41,6266,131,40,12,300,74.09,24126,17875,1.63,0.08,0.99,291,14,177,ENTRE RIOS
271,ENTRE RIOS_URUGUAY,"Uruguay, Entre Rios",FRENTE DE TODOS,9.34,2.91,43.18,2.47,0.28,37.84,1.0,0.34,0.16,2.47,6102,1902,28200,1614,182,24716,652,225,106,1614,76.85,87472,67224,1.64,0.04,1.16,1105,29,777,ENTRE RIOS
272,ENTRE RIOS_VICTORIA,"Victoria, Entre Rios",FRENTE DE TODOS,9.8,1.8,42.74,1.06,0.35,40.77,0.95,0.22,0.18,2.13,2208,406,9631,240,79,9187,215,50,41,479,72.7,31908,23196,1.77,0.02,1.06,410,4,246,ENTRE RIOS
273,ENTRE RIOS_VILLAGUAY,"Villaguay, Entre Rios",FRENTE DE TODOS,6.8,1.64,49.92,2.42,0.31,35.61,0.88,0.24,0.18,2.0,1948,471,14307,694,89,10206,251,70,51,572,70.16,42103,29541,1.81,0.05,1.12,534,16,332,ENTRE RIOS
299,LA PAMPA_ATREUCO,"Atreuco, La Pampa",FRENTE DE TODOS,7.19,1.18,48.93,1.25,0.21,38.02,0.84,0.2,0.15,2.02,516,85,3512,90,15,2729,60,14,11,145,77.1,9519,7339,1.24,0.0,0.97,91,0,71,LA PAMPA
300,LA PAMPA_CALEU CALEU,"Caleu Caleu, La Pampa",FRENTE DE TODOS,5.37,2.42,67.36,1.54,0.34,19.68,1.01,0.27,0.07,1.95,80,36,1003,23,5,293,15,4,1,29,77.56,1961,1521,0.79,0.07,1.25,12,1,19,LA PAMPA
301,LA PAMPA_CAPITAL,"Capital, La Pampa",FRENTE DE TODOS,8.44,2.76,53.7,2.3,0.29,28.57,1.38,0.21,0.18,2.16,5749,1880,36580,1568,199,19464,938,141,126,1472,74.61,93372,69664,0.89,0.08,1.24,623,58,866,LA PAMPA
302,LA PAMPA_CATRILO,"Catrilo, La Pampa",FRENTE DE TODOS,6.43,1.72,53.36,2.7,0.14,33.07,0.99,0.14,0.2,1.24,317,85,2630,133,7,1630,49,7,10,61,76.59,6552,5018,0.62,0.04,1.12,31,2,56,LA PAMPA
303,LA PAMPA_CHALILEO,"Chalileo, La Pampa",FRENTE DE TODOS,6.8,4.45,63.85,3.34,0.23,18.57,1.29,0.23,0.23,1.0,116,76,1090,57,4,317,22,4,4,17,69.5,2502,1739,0.52,0.12,1.21,9,2,21,LA PAMPA
304,LA PAMPA_CHAPALEUFU,"Chapaleufu, La Pampa",FRENTE DE TODOS,7.7,1.52,49.1,3.0,0.3,35.83,0.87,0.16,0.21,1.3,616,122,3929,240,24,2867,70,13,17,104,76.69,10643,8162,1.04,0.12,0.8,85,10,65,LA PAMPA
305,LA PAMPA_CHICAL CO,"Chical-Co, La Pampa",FRENTE DE TODOS,5.2,1.08,69.23,2.17,0.76,18.53,1.3,0.33,0.11,1.3,48,10,639,20,7,171,12,3,1,12,70.07,1340,939,1.17,0.21,0.32,11,2,3,LA PAMPA
306,LA PAMPA_CONHELO,"Conhelo, La Pampa",FRENTE DE TODOS,7.31,1.74,51.83,1.73,0.28,34.2,0.96,0.32,0.18,1.46,710,169,5035,168,27,3322,93,31,17,142,76.35,12961,9896,0.84,0.04,0.96,83,4,95,LA PAMPA
307,LA PAMPA_CURACO,"Curaco, La Pampa",FRENTE DE TODOS,6.59,0.64,68.17,3.05,0.32,18.97,0.64,0.16,0.48,0.96,41,4,424,19,2,118,4,1,3,6,75.8,843,639,1.25,0.63,0.78,8,4,5,LA PAMPA
308,LA PAMPA_GUATRACHE,"Guatrache, La Pampa",JUNTOS POR EL CAMBIO,8.04,1.87,36.89,1.78,0.61,45.74,1.2,0.25,0.18,3.43,447,104,2052,99,34,2544,67,14,10,191,72.09,7941,5725,1.99,0.05,0.8,114,3,46,LA PAMPA
309,LA PAMPA_HUCAL,"Hucal, La Pampa",JUNTOS POR EL CAMBIO,9.22,2.16,39.02,1.02,0.32,44.81,0.97,0.3,0.25,1.93,487,114,2060,54,17,2366,51,16,13,102,76.06,7096,5397,1.37,0.06,0.74,74,3,40,LA PAMPA
310,LA PAMPA_LIHUEL CALEL,"Lihuel Calel, La Pampa",FRENTE DE TODOS,8.81,3.14,54.72,1.89,0.0,30.19,1.26,0.0,0.0,0.0,14,5,87,3,0,48,2,0,0,0,64.4,250,161,0.62,0.0,0.62,1,0,1,LA PAMPA
311,LA PAMPA_LIMAY MAHUIDA,"Limay Mahuida, La Pampa",FRENTE DE TODOS,4.1,0.63,53.0,0.95,0.0,40.38,0.63,0.0,0.0,0.32,13,2,168,3,0,128,2,0,0,1,73.56,435,320,0.31,0.31,0.31,1,1,1,LA PAMPA
312,LA PAMPA_LOVENTUE,"Loventue, La Pampa",FRENTE DE TODOS,6.52,2.17,59.26,1.66,0.21,28.14,0.79,0.1,0.24,0.91,378,126,3437,96,12,1632,46,6,14,53,75.01,7874,5906,0.76,0.15,0.88,45,9,52,LA PAMPA
313,LA PAMPA_MARACO,"Maraco, La Pampa",FRENTE DE TODOS,8.72,2.53,45.95,3.74,0.34,34.73,1.34,0.27,0.22,2.17,3385,980,17830,1451,132,13476,521,104,84,841,76.96,51774,39847,1.1,0.06,1.46,439,24,580,LA PAMPA
314,LA PAMPA_PUELEN,"Puelen, La Pampa",FRENTE DE TODOS,9.09,2.31,57.74,6.54,0.32,21.04,1.01,0.34,0.2,1.42,539,137,3425,388,19,1248,60,20,12,84,72.14,8417,6072,0.82,0.07,1.42,50,4,86,LA PAMPA
315,LA PAMPA_QUEMU QUEMU,"Quemu Quemu, La Pampa",FRENTE DE TODOS,8.68,2.62,44.1,1.83,0.37,39.31,1.06,0.32,0.11,1.6,490,148,2488,103,21,2218,60,18,6,90,75.56,7605,5746,0.78,0.02,1.01,45,1,58,LA PAMPA
316,LA PAMPA_RANCUL,"Rancul, La Pampa",FRENTE DE TODOS,5.47,1.22,53.61,1.57,0.12,35.97,0.66,0.17,0.15,1.07,363,81,3561,104,8,2389,44,11,10,71,72.99,9339,6817,1.47,0.06,1.04,100,4,71,LA PAMPA
317,LA PAMPA_REALICO,"Realico, La Pampa",FRENTE DE TODOS,7.47,1.25,46.86,2.61,0.21,38.83,0.8,0.26,0.21,1.48,818,137,5128,286,23,4250,88,29,23,162,76.81,14562,11185,0.93,0.05,1.17,104,6,131,LA PAMPA
318,LA PAMPA_TOAY,"Toay, La Pampa",FRENTE DE TODOS,7.69,2.45,54.81,2.29,0.18,29.22,1.06,0.16,0.12,2.01,749,239,5337,223,18,2845,103,16,12,196,75.83,13129,9956,1.2,0.08,0.91,119,8,91,LA PAMPA
319,LA PAMPA_TRENEL,"Trenel, La Pampa",FRENTE DE TODOS,6.18,1.19,56.68,1.86,0.28,30.67,0.94,0.25,0.17,1.77,223,43,2044,67,10,1106,34,9,6,64,76.58,4820,3691,1.63,0.0,0.68,60,0,25,LA PAMPA
320,LA PAMPA_UTRACAN,"Utracan, La Pampa",FRENTE DE TODOS,9.03,2.24,43.84,2.44,0.39,38.38,1.36,0.29,0.26,1.77,882,219,4282,238,38,3749,133,28,25,173,73.07,13697,10009,1.24,0.07,1.11,124,7,111,LA PAMPA
461,SANTA FE_BELGRANO,"Belgrano, Santa Fe",JUNTOS POR EL CAMBIO,12.65,1.87,36.2,3.16,0.17,42.5,0.56,0.18,0.25,2.47,3547,523,10147,886,47,11913,156,50,69,691,75.62,38676,29247,1.87,0.11,2.19,547,31,640,SANTA FE
462,SANTA FE_CASEROS,"Caseros, Santa Fe",JUNTOS POR EL CAMBIO,13.84,2.22,35.4,2.04,0.19,41.96,0.74,0.19,0.1,3.31,7045,1132,18013,1036,97,21353,377,96,52,1686,74.55,71557,53347,2.14,0.1,2.37,1141,54,1265,SANTA FE
463,SANTA FE_CASTELLANOS,"Castellanos, Santa Fe",JUNTOS POR EL CAMBIO,9.67,1.45,32.68,3.14,0.21,49.51,0.47,0.11,0.13,2.62,10179,1529,34410,3311,216,52129,500,120,133,2757,73.91,147941,109343,1.32,0.18,2.22,1443,194,2422,SANTA FE
464,SANTA FE_CONSTITUCION,"Constitucion, Santa Fe",FRENTE DE TODOS,11.56,2.43,46.35,2.66,0.18,32.74,0.67,0.14,0.17,3.1,6443,1353,25843,1485,101,18254,374,76,96,1726,77.33,75002,58002,1.64,0.13,2.11,950,76,1225,SANTA FE
465,SANTA FE_GARAY,"Garay, Santa Fe",FRENTE DE TODOS,9.71,0.89,53.91,1.46,0.13,31.47,0.52,0.09,0.24,1.56,1229,113,6826,185,17,3985,66,12,31,197,69.28,19239,13329,1.46,0.21,3.35,194,28,446,SANTA FE
466,SANTA FE_GENERAL LOPEZ,"General Lopez, Santa Fe",JUNTOS POR EL CAMBIO,11.05,1.83,38.96,2.94,0.2,41.4,0.58,0.11,0.09,2.83,12821,2127,45191,3409,228,48015,667,125,109,3287,72.82,165000,120160,1.57,0.17,1.74,1882,210,2089,SANTA FE
467,SANTA FE_GENERAL OBLIGADO,"General Obligado, Santa Fe",FRENTE DE TODOS,7.71,1.09,49.84,2.4,0.13,35.68,0.37,0.12,0.25,2.41,7974,1124,51581,2485,136,36920,387,121,261,2494,72.15,149005,107508,1.14,0.18,2.42,1222,196,2607,SANTA FE
468,SANTA FE_IRIONDO,"Iriondo, Santa Fe",FRENTE DE TODOS,12.44,1.84,42.41,3.18,0.23,35.96,0.68,0.1,0.2,2.94,5266,779,17952,1347,98,15222,288,44,86,1245,75.53,58499,44182,1.96,0.09,2.15,866,38,951,SANTA FE
469,SANTA FE_LA CAPITAL,"La Capital, Santa Fe",FRENTE DE TODOS,12.45,1.76,42.74,3.63,0.23,34.96,0.63,0.13,0.26,3.2,37121,5233,127381,10820,696,104198,1892,391,786,9542,70.66,438765,310034,1.22,0.09,2.56,3779,266,7929,SANTA FE
470,SANTA FE_LAS COLONIAS,"Las Colonias, Santa Fe",JUNTOS POR EL CAMBIO,12.71,1.18,28.68,3.12,0.2,49.75,0.5,0.1,0.23,3.54,8213,764,18524,2014,127,32133,324,62,146,2287,76.25,88623,67574,1.8,0.05,2.56,1219,32,1729,SANTA FE
471,SANTA FE_9 DE JULIO,"Nueve De Julio, Santa Fe",FRENTE DE TODOS,5.33,0.56,48.35,5.33,0.12,38.27,0.36,0.13,0.2,1.34,869,92,7883,869,20,6240,58,22,32,219,66.45,25485,16935,1.33,0.17,2.23,226,28,377,SANTA FE
472,SANTA FE_ROSARIO,"Rosario, Santa Fe",FRENTE DE TODOS,14.04,2.56,47.97,3.07,0.17,28.16,0.61,0.11,0.08,3.24,103075,18818,352274,22539,1213,206755,4470,782,600,23812,73.66,1034372,761934,1.21,0.1,2.31,9215,769,17612,SANTA FE
473,SANTA FE_SAN CRISTOBAL,"San Cristobal, Santa Fe",FRENTE DE TODOS,9.76,1.05,44.47,1.72,0.12,40.46,0.41,0.11,0.21,1.69,3768,407,17175,663,47,15628,160,43,80,653,68.19,58782,40084,1.5,0.2,1.95,600,79,781,SANTA FE
474,SANTA FE_SAN JAVIER,"San Javier, Santa Fe",FRENTE DE TODOS,6.6,1.07,53.67,1.39,0.68,34.07,0.45,0.1,0.25,1.73,1146,186,9324,241,118,5920,78,17,44,300,67.0,26997,18087,1.56,0.06,2.32,283,11,419,SANTA FE
475,SANTA FE_SAN JERONIMO,"San Jeronimo, Santa Fe",FRENTE DE TODOS,11.53,1.33,45.4,2.64,0.18,35.2,0.43,0.12,0.22,2.95,5576,643,21952,1275,88,17018,209,58,107,1424,73.21,68977,50500,1.58,0.16,2.52,796,79,1275,SANTA FE
476,SANTA FE_SAN JUSTO,"San Justo, Santa Fe",JUNTOS POR EL CAMBIO,10.13,1.1,39.95,1.87,0.16,43.87,0.4,0.12,0.31,2.09,2596,283,10238,478,42,11241,102,31,79,535,73.18,36526,26730,1.32,0.27,2.55,353,71,681,SANTA FE
477,SANTA FE_SAN LORENZO,"San Lorenzo, Santa Fe",FRENTE DE TODOS,13.8,2.14,48.2,4.28,0.23,27.42,0.6,0.13,0.09,3.1,15011,2327,52424,4659,246,29824,658,139,100,3373,76.29,148446,113246,1.39,0.1,2.46,1577,118,2790,SANTA FE
478,SANTA FE_SAN MARTIN,"San Martin, Santa Fe",JUNTOS POR EL CAMBIO,11.61,1.59,34.57,2.84,0.19,45.47,0.52,0.15,0.23,2.82,4436,608,13208,1085,73,17371,200,56,89,1078,73.76,54297,40048,1.6,0.18,2.83,640,72,1132,SANTA FE
479,SANTA FE_VERA,"Vera, Santa Fe",FRENTE DE TODOS,7.73,0.76,55.14,1.6,0.1,32.43,0.36,0.09,0.26,1.54,2239,219,15974,463,29,9396,103,27,75,447,67.07,45075,30232,1.31,0.15,2.72,395,44,821,SANTA FE
